[
    {
        "name": "John Doe",
        "email": "johndoe@example.com",
        "otp": "123456"
      },
      {
        "name": "Jane Smith",
        "email": "janesmith@example.com",
        "otp": "654321"
      },
      {
        "name": "Robert Johnson",
        "email": "robertjohnson@example.com",
        "otp": "987654"
      },
      {
        "name": "Emily Davis",
        "email": "emilydavis@example.com",
        "otp": "456789"
      },
      {
        "name": "Michael Wilson",
        "email": "michaelwilson@example.com",
        "otp": "987123"
      },
      {
        "name": "Sophia Taylor",
        "email": "sophiataylor@example.com",
        "otp": "321654"
      },
      {
        "name": "William Anderson",
        "email": "williamanderson@example.com",
        "otp": "654987"
      },
      {
        "name": "Olivia Thomas",
        "email": "oliviathomas@example.com",
        "otp": "789654"
      },
      {
        "name": "James Martinez",
        "email": "jamesmartinez@example.com",
        "otp": "159753"
      },
      {
        "name": "Ava Robinson",
        "email": "avarobinson@example.com",
        "otp": "357951"
      },
      {
        "name": "Benjamin Clark",
        "email": "benjaminclark@example.com",
        "otp": "753159"
      },
      {
        "name": "Mia Rodriguez",
        "email": "miarodriguez@example.com",
        "otp": "456321"
      },
      {
        "name": "Daniel Lewis",
        "email": "daniellewis@example.com",
        "otp": "951753"
      },
      {
        "name": "Isabella Lee",
        "email": "isabellalee@example.com",
        "otp": "852456"
      },
      {
        "name": "Joseph Walker",
        "email": "josephwalker@example.com",
        "otp": "654852"
      },
      {
        "name": "Samantha Hall",
        "email": "samanthahall@example.com",
        "otp": "753852"
      },
      {
        "name": "David Young",
        "email": "davidyoung@example.com",
        "otp": "951852"
      },
      {
        "name": "Charlotte Hernandez",
        "email": "charlottehernandez@example.com",
        "otp": "123789"
      },
      {
        "name": "Noah King",
        "email": "noahking@example.com",
        "otp": "987789"
      },
      {
        "name": "Abigail Green",
        "email": "abigailgreen@example.com",
        "otp": "789123"
      },
      {
        "name": "Ethan Hill",
        "email": "ethanhill@example.com",
        "otp": "159852"
      },
      {
        "name": "Elizabeth Baker",
        "email": "elizabethbaker@example.com",
        "otp": "852789"
      },
      {
        "name": "Daniel Cox",
        "email": "danielcox@example.com",
        "otp": "789456"
      },
      {
        "name": "Grace Ramirez",
        "email": "graceramirez@example.com",
        "otp": "456852"
      },
      {
        "name": "Samuel Reed",
        "email": "samuelreed@example.com",
        "otp": "951456"
      },
      {
        "name": "Ella Price",
        "email": "ellaprice@example.com",
        "otp": "753456"
      },
      {
        "name": "Jackson Cook",
        "email": "jacksoncook@example.com",
        "otp": "456123"
      },
      {
        "name": "Scarlett Kelly",
        "email": "scarlettkelly@example.com",
        "otp": "123852"
      },
      {
        "name": "Ryan Ward",
        "email": "ryanward@example.com",
        "otp": "852123"
      },
      {
        "name": "Avery Bailey",
        "email": "averybailey@example.com",
        "otp": "987789"
      },
      {
        "name": "Chloe Powell",
        "email": "chloepowell@example.com",
        "otp": "789987"
      },
      {
        "name": "Henry Foster",
        "email": "henryfoster@example.com",
        "otp": "456456"
      },
      {
        "name": "Lily Coleman",
        "email": "lilycoleman@example.com",
        "otp": "987987"
      },
      {
        "name": "Andrew Butler",
        "email": "andrewbutler@example.com",
        "otp": "123123"
      },
      {
        "name": "Victoria Simmons",
        "email": "victoriasimmons@example.com",
        "otp": "789789"
      },
      {
        "name": "Grayson Murphy",
        "email": "graysonmurphy@example.com",
        "otp": "456456"
      },
      {
        "name": "Hannah Rivera",
        "email": "hannahrivera@example.com",
        "otp": "789789"
      },
      {
        "name": "Christopher Coleman",
        "email": "christophercoleman@example.com",
        "otp": "123123"
      },
      {
        "name": "Addison Mitchell",
        "email": "addisonmitchell@example.com",
        "otp": "789789"
      },
      {
        "name": "Elijah Ross",
        "email": "elijahross@example.com",
        "otp": "123123"
      },
      {
        "name": "Aubrey Patterson",
        "email": "aubreypatterson@example.com",
        "otp": "789789"
      },
      {
        "name": "Aiden Simmons",
        "email": "aidensimmons@example.com",
        "otp": "123123"
      },
      {
        "name": "Madison Bennett",
        "email": "madisonbennett@example.com",
        "otp": "789789"
    }
]